{
  "mappedPoints": [
    {
      "easting": 586436.294,
      "northing": 6404301.644
    },
    {
      "easting": 592011.038,
      "northing": 6327561.511
    },
    {
      "easting": 617948.038,
      "northing": 6359113.225
    },
    {
      "easting": 486857.934,
      "northing": 6192409.289
    }
  ],
  "flipSum": [
    "330.360297 km",
    "253.193591 km",
    "212.307759 km"
  ],
  "distance": "330.360297 km",
  "legsSum": [
    "77.166706 km",
    "118.052537 km",
    "330.360297 km"
  ],
  "legs": [
    "77.166706 km",
    "40.885832 km",
    "212.307759 km"
  ],
  "mappedZones": [
    {
      "lngZone": 55,
      "latZone": "H"
    }
  ]
}
