{
  "mappedPoints": [
    {
      "easting": 586440.574,
      "northing": 6404301.965
    },
    {
      "easting": 592006.961,
      "northing": 6327562.848
    },
    {
      "easting": 617950.27,
      "northing": 6359111.443
    },
    {
      "easting": 486855.678,
      "northing": 6192411.041
    }
  ],
  "flipSum": [
    "330.360218 km",
    "253.195129 km",
    "212.307729 km"
  ],
  "distance": "330.360218 km",
  "legsSum": [
    "77.165089 km",
    "118.052489 km",
    "330.360218 km"
  ],
  "legs": [
    "77.165089 km",
    "40.887399 km",
    "212.307729 km"
  ],
  "mappedZones": [
    {
      "lngZone": 55,
      "latZone": "H"
    }
  ]
}
